sample	irods_cram_file	study_id	tag_index	id_run	lane	sample_supplier_name	md5	is_paired_read	study	total_reads	alignment	sample_cram_file	lane_cram_file
5621STDY7919227	/seq/29289/29289_1#19.cram	5621	19	29289	1	OMM1_c909R1	51de7d2c894c306455e422af232e183f	0	Genome-wide CRISPR-Cas9 screening of Human Organoid Lines	6788195	1	/lustre/scratch124/casm/team113/projects/5621_5821_sgrna_crisprko_uveal_melanoma/DATA/CRAM/study_sample/5621_5621STDY7919227.cram	/lustre/scratch124/casm/team113/projects/5621_5821_sgrna_crisprko_uveal_melanoma/DATA/CRAM/study_run_lane/29289_1#19.cram
5621STDY7919227	/seq/29289/29289_2#19.cram	5621	19	29289	2	OMM1_c909R1	b8a0ba061b269981f26ef864cb07603f	0	Genome-wide CRISPR-Cas9 screening of Human Organoid Lines	6893061	1	/lustre/scratch124/casm/team113/projects/5621_5821_sgrna_crisprko_uveal_melanoma/DATA/CRAM/study_sample/5621_5621STDY7919227.cram	/lustre/scratch124/casm/team113/projects/5621_5821_sgrna_crisprko_uveal_melanoma/DATA/CRAM/study_run_lane/29289_2#19.cram
5621STDY7919227	/seq/29290/29290_1#19.cram	5621	19	29290	1	OMM1_c909R1	7ca82e1f4e9b855e875f52a09d93518b	0	Genome-wide CRISPR-Cas9 screening of Human Organoid Lines	7015972	1	/lustre/scratch124/casm/team113/projects/5621_5821_sgrna_crisprko_uveal_melanoma/DATA/CRAM/study_sample/5621_5621STDY7919227.cram	/lustre/scratch124/casm/team113/projects/5621_5821_sgrna_crisprko_uveal_melanoma/DATA/CRAM/study_run_lane/29290_1#19.cram
5621STDY7919227	/seq/29290/29290_2#19.cram	5621	19	29290	2	OMM1_c909R1	fac43c9e82b17b779156416f445b49b1	0	Genome-wide CRISPR-Cas9 screening of Human Organoid Lines	6950756	1	/lustre/scratch124/casm/team113/projects/5621_5821_sgrna_crisprko_uveal_melanoma/DATA/CRAM/study_sample/5621_5621STDY7919227.cram	/lustre/scratch124/casm/team113/projects/5621_5821_sgrna_crisprko_uveal_melanoma/DATA/CRAM/study_run_lane/29290_2#19.cram
5621STDY7919227	/seq/29293/29293_1#19.cram	5621	19	29293	1	OMM1_c909R1	943987cd7ff162d0298474aa5cd009e9	0	Genome-wide CRISPR-Cas9 screening of Human Organoid Lines	7482741	1	/lustre/scratch124/casm/team113/projects/5621_5821_sgrna_crisprko_uveal_melanoma/DATA/CRAM/study_sample/5621_5621STDY7919227.cram	/lustre/scratch124/casm/team113/projects/5621_5821_sgrna_crisprko_uveal_melanoma/DATA/CRAM/study_run_lane/29293_1#19.cram
5621STDY7919227	/seq/29293/29293_2#19.cram	5621	19	29293	2	OMM1_c909R1	ed73c5578c6d43b7e517ecb8e2f35414	0	Genome-wide CRISPR-Cas9 screening of Human Organoid Lines	7618977	1	/lustre/scratch124/casm/team113/projects/5621_5821_sgrna_crisprko_uveal_melanoma/DATA/CRAM/study_sample/5621_5621STDY7919227.cram	/lustre/scratch124/casm/team113/projects/5621_5821_sgrna_crisprko_uveal_melanoma/DATA/CRAM/study_run_lane/29293_2#19.cram
5621STDY7919205	/seq/29289/29289_1#1.cram	5621	1	29289	1	OMM1_c909R2	50a881c3c050a0ccc888956f70567740	0	Genome-wide CRISPR-Cas9 screening of Human Organoid Lines	6100938	1	/lustre/scratch124/casm/team113/projects/5621_5821_sgrna_crisprko_uveal_melanoma/DATA/CRAM/study_sample/5621_5621STDY7919205.cram	/lustre/scratch124/casm/team113/projects/5621_5821_sgrna_crisprko_uveal_melanoma/DATA/CRAM/study_run_lane/29289_1#1.cram
5621STDY7919205	/seq/29289/29289_2#1.cram	5621	1	29289	2	OMM1_c909R2	9f3b55eb957d2a59831000e40a7c64c6	0	Genome-wide CRISPR-Cas9 screening of Human Organoid Lines	6199758	1	/lustre/scratch124/casm/team113/projects/5621_5821_sgrna_crisprko_uveal_melanoma/DATA/CRAM/study_sample/5621_5621STDY7919205.cram	/lustre/scratch124/casm/team113/projects/5621_5821_sgrna_crisprko_uveal_melanoma/DATA/CRAM/study_run_lane/29289_2#1.cram
5621STDY7919205	/seq/29290/29290_1#1.cram	5621	1	29290	1	OMM1_c909R2	a4b11c3d14d366ac2410aa3efe1fc4fa	0	Genome-wide CRISPR-Cas9 screening of Human Organoid Lines	6307689	1	/lustre/scratch124/casm/team113/projects/5621_5821_sgrna_crisprko_uveal_melanoma/DATA/CRAM/study_sample/5621_5621STDY7919205.cram	/lustre/scratch124/casm/team113/projects/5621_5821_sgrna_crisprko_uveal_melanoma/DATA/CRAM/study_run_lane/29290_1#1.cram
5621STDY7919205	/seq/29290/29290_2#1.cram	5621	1	29290	2	OMM1_c909R2	5acf055824813fa5f44c86fb78728cef	0	Genome-wide CRISPR-Cas9 screening of Human Organoid Lines	6254477	1	/lustre/scratch124/casm/team113/projects/5621_5821_sgrna_crisprko_uveal_melanoma/DATA/CRAM/study_sample/5621_5621STDY7919205.cram	/lustre/scratch124/casm/team113/projects/5621_5821_sgrna_crisprko_uveal_melanoma/DATA/CRAM/study_run_lane/29290_2#1.cram
5621STDY7919205	/seq/29293/29293_1#1.cram	5621	1	29293	1	OMM1_c909R2	388074f023ee7b235e5f471734e69a95	0	Genome-wide CRISPR-Cas9 screening of Human Organoid Lines	6665731	1	/lustre/scratch124/casm/team113/projects/5621_5821_sgrna_crisprko_uveal_melanoma/DATA/CRAM/study_sample/5621_5621STDY7919205.cram	/lustre/scratch124/casm/team113/projects/5621_5821_sgrna_crisprko_uveal_melanoma/DATA/CRAM/study_run_lane/29293_1#1.cram
5621STDY7919205	/seq/29293/29293_2#1.cram	5621	1	29293	2	OMM1_c909R2	380e644985960a1843fff9fc85d9d392	0	Genome-wide CRISPR-Cas9 screening of Human Organoid Lines	6802559	1	/lustre/scratch124/casm/team113/projects/5621_5821_sgrna_crisprko_uveal_melanoma/DATA/CRAM/study_sample/5621_5621STDY7919205.cram	/lustre/scratch124/casm/team113/projects/5621_5821_sgrna_crisprko_uveal_melanoma/DATA/CRAM/study_run_lane/29293_2#1.cram
5621STDY7919206	/seq/29289/29289_1#2.cram	5621	2	29289	1	OMM1_c909R3	824b94e797938d3197731a8cd238750c	0	Genome-wide CRISPR-Cas9 screening of Human Organoid Lines	6170441	1	/lustre/scratch124/casm/team113/projects/5621_5821_sgrna_crisprko_uveal_melanoma/DATA/CRAM/study_sample/5621_5621STDY7919206.cram	/lustre/scratch124/casm/team113/projects/5621_5821_sgrna_crisprko_uveal_melanoma/DATA/CRAM/study_run_lane/29289_1#2.cram
5621STDY7919206	/seq/29289/29289_2#2.cram	5621	2	29289	2	OMM1_c909R3	002cfb8ce6e8c8ec90c9cb32bfa673ac	0	Genome-wide CRISPR-Cas9 screening of Human Organoid Lines	6272435	1	/lustre/scratch124/casm/team113/projects/5621_5821_sgrna_crisprko_uveal_melanoma/DATA/CRAM/study_sample/5621_5621STDY7919206.cram	/lustre/scratch124/casm/team113/projects/5621_5821_sgrna_crisprko_uveal_melanoma/DATA/CRAM/study_run_lane/29289_2#2.cram
5621STDY7919206	/seq/29290/29290_1#2.cram	5621	2	29290	1	OMM1_c909R3	496790c395c79b8ce953bf8e0e9e22d8	0	Genome-wide CRISPR-Cas9 screening of Human Organoid Lines	6377920	1	/lustre/scratch124/casm/team113/projects/5621_5821_sgrna_crisprko_uveal_melanoma/DATA/CRAM/study_sample/5621_5621STDY7919206.cram	/lustre/scratch124/casm/team113/projects/5621_5821_sgrna_crisprko_uveal_melanoma/DATA/CRAM/study_run_lane/29290_1#2.cram
5621STDY7919206	/seq/29290/29290_2#2.cram	5621	2	29290	2	OMM1_c909R3	f1c273cf1ab0550bb6ca91ddf872862f	0	Genome-wide CRISPR-Cas9 screening of Human Organoid Lines	6327637	1	/lustre/scratch124/casm/team113/projects/5621_5821_sgrna_crisprko_uveal_melanoma/DATA/CRAM/study_sample/5621_5621STDY7919206.cram	/lustre/scratch124/casm/team113/projects/5621_5821_sgrna_crisprko_uveal_melanoma/DATA/CRAM/study_run_lane/29290_2#2.cram
5621STDY7919206	/seq/29293/29293_1#2.cram	5621	2	29293	1	OMM1_c909R3	7cb793c2711697c1f765bea624725cc6	0	Genome-wide CRISPR-Cas9 screening of Human Organoid Lines	6841789	1	/lustre/scratch124/casm/team113/projects/5621_5821_sgrna_crisprko_uveal_melanoma/DATA/CRAM/study_sample/5621_5621STDY7919206.cram	/lustre/scratch124/casm/team113/projects/5621_5821_sgrna_crisprko_uveal_melanoma/DATA/CRAM/study_run_lane/29293_1#2.cram
5621STDY7919206	/seq/29293/29293_2#2.cram	5621	2	29293	2	OMM1_c909R3	cf10789a53beeaef56fed0d6385dd387	0	Genome-wide CRISPR-Cas9 screening of Human Organoid Lines	6970186	1	/lustre/scratch124/casm/team113/projects/5621_5821_sgrna_crisprko_uveal_melanoma/DATA/CRAM/study_sample/5621_5621STDY7919206.cram	/lustre/scratch124/casm/team113/projects/5621_5821_sgrna_crisprko_uveal_melanoma/DATA/CRAM/study_run_lane/29293_2#2.cram
5621STDY7919207	/seq/29289/29289_1#3.cram	5621	3	29289	1	Mel270_c909R1	fe2d19b9aab14499062954662f741034	0	Genome-wide CRISPR-Cas9 screening of Human Organoid Lines	6404118	1	/lustre/scratch124/casm/team113/projects/5621_5821_sgrna_crisprko_uveal_melanoma/DATA/CRAM/study_sample/5621_5621STDY7919207.cram	/lustre/scratch124/casm/team113/projects/5621_5821_sgrna_crisprko_uveal_melanoma/DATA/CRAM/study_run_lane/29289_1#3.cram
5621STDY7919207	/seq/29289/29289_2#3.cram	5621	3	29289	2	Mel270_c909R1	bb83b56f88f231c56a217fd486c6a93c	0	Genome-wide CRISPR-Cas9 screening of Human Organoid Lines	6495810	1	/lustre/scratch124/casm/team113/projects/5621_5821_sgrna_crisprko_uveal_melanoma/DATA/CRAM/study_sample/5621_5621STDY7919207.cram	/lustre/scratch124/casm/team113/projects/5621_5821_sgrna_crisprko_uveal_melanoma/DATA/CRAM/study_run_lane/29289_2#3.cram
5621STDY7919207	/seq/29290/29290_1#3.cram	5621	3	29290	1	Mel270_c909R1	3d9d9b4a9eb48db6278223c8744bc9c0	0	Genome-wide CRISPR-Cas9 screening of Human Organoid Lines	6583523	1	/lustre/scratch124/casm/team113/projects/5621_5821_sgrna_crisprko_uveal_melanoma/DATA/CRAM/study_sample/5621_5621STDY7919207.cram	/lustre/scratch124/casm/team113/projects/5621_5821_sgrna_crisprko_uveal_melanoma/DATA/CRAM/study_run_lane/29290_1#3.cram
5621STDY7919207	/seq/29290/29290_2#3.cram	5621	3	29290	2	Mel270_c909R1	d44a54d8cf30d6dab42ac75819358c3c	0	Genome-wide CRISPR-Cas9 screening of Human Organoid Lines	6552026	1	/lustre/scratch124/casm/team113/projects/5621_5821_sgrna_crisprko_uveal_melanoma/DATA/CRAM/study_sample/5621_5621STDY7919207.cram	/lustre/scratch124/casm/team113/projects/5621_5821_sgrna_crisprko_uveal_melanoma/DATA/CRAM/study_run_lane/29290_2#3.cram
5621STDY7919207	/seq/29293/29293_1#3.cram	5621	3	29293	1	Mel270_c909R1	4548372be173a953e14e40817c5ec031	0	Genome-wide CRISPR-Cas9 screening of Human Organoid Lines	6948000	1	/lustre/scratch124/casm/team113/projects/5621_5821_sgrna_crisprko_uveal_melanoma/DATA/CRAM/study_sample/5621_5621STDY7919207.cram	/lustre/scratch124/casm/team113/projects/5621_5821_sgrna_crisprko_uveal_melanoma/DATA/CRAM/study_run_lane/29293_1#3.cram
5621STDY7919207	/seq/29293/29293_2#3.cram	5621	3	29293	2	Mel270_c909R1	66519e6b3f5f2c20d1557bdd3f4b966a	0	Genome-wide CRISPR-Cas9 screening of Human Organoid Lines	7055360	1	/lustre/scratch124/casm/team113/projects/5621_5821_sgrna_crisprko_uveal_melanoma/DATA/CRAM/study_sample/5621_5621STDY7919207.cram	/lustre/scratch124/casm/team113/projects/5621_5821_sgrna_crisprko_uveal_melanoma/DATA/CRAM/study_run_lane/29293_2#3.cram
5621STDY7919208	/seq/29289/29289_1#4.cram	5621	4	29289	1	Mel270_c909R2	aa6a8c01184ee149694a885fb1eb6766	0	Genome-wide CRISPR-Cas9 screening of Human Organoid Lines	5900284	1	/lustre/scratch124/casm/team113/projects/5621_5821_sgrna_crisprko_uveal_melanoma/DATA/CRAM/study_sample/5621_5621STDY7919208.cram	/lustre/scratch124/casm/team113/projects/5621_5821_sgrna_crisprko_uveal_melanoma/DATA/CRAM/study_run_lane/29289_1#4.cram
5621STDY7919208	/seq/29289/29289_2#4.cram	5621	4	29289	2	Mel270_c909R2	c7d909437b579ac60c9c47e3272713ea	0	Genome-wide CRISPR-Cas9 screening of Human Organoid Lines	5996111	1	/lustre/scratch124/casm/team113/projects/5621_5821_sgrna_crisprko_uveal_melanoma/DATA/CRAM/study_sample/5621_5621STDY7919208.cram	/lustre/scratch124/casm/team113/projects/5621_5821_sgrna_crisprko_uveal_melanoma/DATA/CRAM/study_run_lane/29289_2#4.cram
5621STDY7919208	/seq/29290/29290_1#4.cram	5621	4	29290	1	Mel270_c909R2	2e099ec7e5eaebf68c376b89c545a442	0	Genome-wide CRISPR-Cas9 screening of Human Organoid Lines	6097291	1	/lustre/scratch124/casm/team113/projects/5621_5821_sgrna_crisprko_uveal_melanoma/DATA/CRAM/study_sample/5621_5621STDY7919208.cram	/lustre/scratch124/casm/team113/projects/5621_5821_sgrna_crisprko_uveal_melanoma/DATA/CRAM/study_run_lane/29290_1#4.cram
5621STDY7919208	/seq/29290/29290_2#4.cram	5621	4	29290	2	Mel270_c909R2	3925ff49ff5d60c6254184860b2dbb61	0	Genome-wide CRISPR-Cas9 screening of Human Organoid Lines	6048092	1	/lustre/scratch124/casm/team113/projects/5621_5821_sgrna_crisprko_uveal_melanoma/DATA/CRAM/study_sample/5621_5621STDY7919208.cram	/lustre/scratch124/casm/team113/projects/5621_5821_sgrna_crisprko_uveal_melanoma/DATA/CRAM/study_run_lane/29290_2#4.cram
5621STDY7919208	/seq/29293/29293_1#4.cram	5621	4	29293	1	Mel270_c909R2	cec957e63144ea669860aad0a512d844	0	Genome-wide CRISPR-Cas9 screening of Human Organoid Lines	6520001	1	/lustre/scratch124/casm/team113/projects/5621_5821_sgrna_crisprko_uveal_melanoma/DATA/CRAM/study_sample/5621_5621STDY7919208.cram	/lustre/scratch124/casm/team113/projects/5621_5821_sgrna_crisprko_uveal_melanoma/DATA/CRAM/study_run_lane/29293_1#4.cram
5621STDY7919208	/seq/29293/29293_2#4.cram	5621	4	29293	2	Mel270_c909R2	c630c0fccd7c26e5ea2265af57c83c7a	0	Genome-wide CRISPR-Cas9 screening of Human Organoid Lines	6645569	1	/lustre/scratch124/casm/team113/projects/5621_5821_sgrna_crisprko_uveal_melanoma/DATA/CRAM/study_sample/5621_5621STDY7919208.cram	/lustre/scratch124/casm/team113/projects/5621_5821_sgrna_crisprko_uveal_melanoma/DATA/CRAM/study_run_lane/29293_2#4.cram
5621STDY7919209	/seq/29289/29289_1#5.cram	5621	5	29289	1	Mel270_c909R3	c847e6d13ed7e3ccfd27f28f6e1c4b1b	0	Genome-wide CRISPR-Cas9 screening of Human Organoid Lines	5076323	1	/lustre/scratch124/casm/team113/projects/5621_5821_sgrna_crisprko_uveal_melanoma/DATA/CRAM/study_sample/5621_5621STDY7919209.cram	/lustre/scratch124/casm/team113/projects/5621_5821_sgrna_crisprko_uveal_melanoma/DATA/CRAM/study_run_lane/29289_1#5.cram
5621STDY7919209	/seq/29289/29289_2#5.cram	5621	5	29289	2	Mel270_c909R3	3463788fe8e8cb32f38d38420449f78d	0	Genome-wide CRISPR-Cas9 screening of Human Organoid Lines	5139574	1	/lustre/scratch124/casm/team113/projects/5621_5821_sgrna_crisprko_uveal_melanoma/DATA/CRAM/study_sample/5621_5621STDY7919209.cram	/lustre/scratch124/casm/team113/projects/5621_5821_sgrna_crisprko_uveal_melanoma/DATA/CRAM/study_run_lane/29289_2#5.cram
5621STDY7919209	/seq/29290/29290_1#5.cram	5621	5	29290	1	Mel270_c909R3	c77f033a238b0ada8c5f54aa353d01b2	0	Genome-wide CRISPR-Cas9 screening of Human Organoid Lines	5219647	1	/lustre/scratch124/casm/team113/projects/5621_5821_sgrna_crisprko_uveal_melanoma/DATA/CRAM/study_sample/5621_5621STDY7919209.cram	/lustre/scratch124/casm/team113/projects/5621_5821_sgrna_crisprko_uveal_melanoma/DATA/CRAM/study_run_lane/29290_1#5.cram
5621STDY7919209	/seq/29290/29290_2#5.cram	5621	5	29290	2	Mel270_c909R3	566416cf6e651fe3290a0edbbe4b9321	0	Genome-wide CRISPR-Cas9 screening of Human Organoid Lines	5185832	1	/lustre/scratch124/casm/team113/projects/5621_5821_sgrna_crisprko_uveal_melanoma/DATA/CRAM/study_sample/5621_5621STDY7919209.cram	/lustre/scratch124/casm/team113/projects/5621_5821_sgrna_crisprko_uveal_melanoma/DATA/CRAM/study_run_lane/29290_2#5.cram
5621STDY7919209	/seq/29293/29293_1#5.cram	5621	5	29293	1	Mel270_c909R3	ef41996fa25b5f7ff2f4373b3f2a0b1e	0	Genome-wide CRISPR-Cas9 screening of Human Organoid Lines	5375869	1	/lustre/scratch124/casm/team113/projects/5621_5821_sgrna_crisprko_uveal_melanoma/DATA/CRAM/study_sample/5621_5621STDY7919209.cram	/lustre/scratch124/casm/team113/projects/5621_5821_sgrna_crisprko_uveal_melanoma/DATA/CRAM/study_run_lane/29293_1#5.cram
5621STDY7919209	/seq/29293/29293_2#5.cram	5621	5	29293	2	Mel270_c909R3	9eef8d489c508f01998a29167523e34d	0	Genome-wide CRISPR-Cas9 screening of Human Organoid Lines	5460674	1	/lustre/scratch124/casm/team113/projects/5621_5821_sgrna_crisprko_uveal_melanoma/DATA/CRAM/study_sample/5621_5621STDY7919209.cram	/lustre/scratch124/casm/team113/projects/5621_5821_sgrna_crisprko_uveal_melanoma/DATA/CRAM/study_run_lane/29293_2#5.cram
5621STDY7919210	/seq/29289/29289_1#6.cram	5621	6	29289	1	MP46_c909R1	c563d8c00d92a0636a0fdefd33fb0436	0	Genome-wide CRISPR-Cas9 screening of Human Organoid Lines	5673574	1	/lustre/scratch124/casm/team113/projects/5621_5821_sgrna_crisprko_uveal_melanoma/DATA/CRAM/study_sample/5621_5621STDY7919210.cram	/lustre/scratch124/casm/team113/projects/5621_5821_sgrna_crisprko_uveal_melanoma/DATA/CRAM/study_run_lane/29289_1#6.cram
5621STDY7919210	/seq/29289/29289_2#6.cram	5621	6	29289	2	MP46_c909R1	ae6f8f808ab5ef602c7fa24c78a270d6	0	Genome-wide CRISPR-Cas9 screening of Human Organoid Lines	5756979	1	/lustre/scratch124/casm/team113/projects/5621_5821_sgrna_crisprko_uveal_melanoma/DATA/CRAM/study_sample/5621_5621STDY7919210.cram	/lustre/scratch124/casm/team113/projects/5621_5821_sgrna_crisprko_uveal_melanoma/DATA/CRAM/study_run_lane/29289_2#6.cram
5621STDY7919210	/seq/29290/29290_1#6.cram	5621	6	29290	1	MP46_c909R1	8159fdc906c07c4cc4f502e8e8d210c9	0	Genome-wide CRISPR-Cas9 screening of Human Organoid Lines	5844162	1	/lustre/scratch124/casm/team113/projects/5621_5821_sgrna_crisprko_uveal_melanoma/DATA/CRAM/study_sample/5621_5621STDY7919210.cram	/lustre/scratch124/casm/team113/projects/5621_5821_sgrna_crisprko_uveal_melanoma/DATA/CRAM/study_run_lane/29290_1#6.cram
5621STDY7919210	/seq/29290/29290_2#6.cram	5621	6	29290	2	MP46_c909R1	f8565a3213f6b5bc86d893e69231a551	0	Genome-wide CRISPR-Cas9 screening of Human Organoid Lines	5798231	1	/lustre/scratch124/casm/team113/projects/5621_5821_sgrna_crisprko_uveal_melanoma/DATA/CRAM/study_sample/5621_5621STDY7919210.cram	/lustre/scratch124/casm/team113/projects/5621_5821_sgrna_crisprko_uveal_melanoma/DATA/CRAM/study_run_lane/29290_2#6.cram
5621STDY7919210	/seq/29293/29293_1#6.cram	5621	6	29293	1	MP46_c909R1	56aed51ff5620e4c33c60a3eef654fc3	0	Genome-wide CRISPR-Cas9 screening of Human Organoid Lines	6059278	1	/lustre/scratch124/casm/team113/projects/5621_5821_sgrna_crisprko_uveal_melanoma/DATA/CRAM/study_sample/5621_5621STDY7919210.cram	/lustre/scratch124/casm/team113/projects/5621_5821_sgrna_crisprko_uveal_melanoma/DATA/CRAM/study_run_lane/29293_1#6.cram
5621STDY7919210	/seq/29293/29293_2#6.cram	5621	6	29293	2	MP46_c909R1	5761713a02ea08c12d490cfb9b74fe84	0	Genome-wide CRISPR-Cas9 screening of Human Organoid Lines	6178160	1	/lustre/scratch124/casm/team113/projects/5621_5821_sgrna_crisprko_uveal_melanoma/DATA/CRAM/study_sample/5621_5621STDY7919210.cram	/lustre/scratch124/casm/team113/projects/5621_5821_sgrna_crisprko_uveal_melanoma/DATA/CRAM/study_run_lane/29293_2#6.cram
5621STDY7919211	/seq/29289/29289_1#7.cram	5621	7	29289	1	MP46_c909R2	6936d00bb9817595f7c4b4c23402fdb9	0	Genome-wide CRISPR-Cas9 screening of Human Organoid Lines	5853551	1	/lustre/scratch124/casm/team113/projects/5621_5821_sgrna_crisprko_uveal_melanoma/DATA/CRAM/study_sample/5621_5621STDY7919211.cram	/lustre/scratch124/casm/team113/projects/5621_5821_sgrna_crisprko_uveal_melanoma/DATA/CRAM/study_run_lane/29289_1#7.cram
5621STDY7919211	/seq/29289/29289_2#7.cram	5621	7	29289	2	MP46_c909R2	0b7e57f140e54b7805f536f95dc0ce71	0	Genome-wide CRISPR-Cas9 screening of Human Organoid Lines	5940768	1	/lustre/scratch124/casm/team113/projects/5621_5821_sgrna_crisprko_uveal_melanoma/DATA/CRAM/study_sample/5621_5621STDY7919211.cram	/lustre/scratch124/casm/team113/projects/5621_5821_sgrna_crisprko_uveal_melanoma/DATA/CRAM/study_run_lane/29289_2#7.cram
5621STDY7919211	/seq/29290/29290_1#7.cram	5621	7	29290	1	MP46_c909R2	ea4c892e5955be89292b57b26acad371	0	Genome-wide CRISPR-Cas9 screening of Human Organoid Lines	6007508	1	/lustre/scratch124/casm/team113/projects/5621_5821_sgrna_crisprko_uveal_melanoma/DATA/CRAM/study_sample/5621_5621STDY7919211.cram	/lustre/scratch124/casm/team113/projects/5621_5821_sgrna_crisprko_uveal_melanoma/DATA/CRAM/study_run_lane/29290_1#7.cram
5621STDY7919211	/seq/29290/29290_2#7.cram	5621	7	29290	2	MP46_c909R2	6d294b05122ff211b08b6012791fa655	0	Genome-wide CRISPR-Cas9 screening of Human Organoid Lines	5961265	1	/lustre/scratch124/casm/team113/projects/5621_5821_sgrna_crisprko_uveal_melanoma/DATA/CRAM/study_sample/5621_5621STDY7919211.cram	/lustre/scratch124/casm/team113/projects/5621_5821_sgrna_crisprko_uveal_melanoma/DATA/CRAM/study_run_lane/29290_2#7.cram
5621STDY7919211	/seq/29293/29293_1#7.cram	5621	7	29293	1	MP46_c909R2	76c9fc0102870ff9f1e644c3b218516a	0	Genome-wide CRISPR-Cas9 screening of Human Organoid Lines	6343774	1	/lustre/scratch124/casm/team113/projects/5621_5821_sgrna_crisprko_uveal_melanoma/DATA/CRAM/study_sample/5621_5621STDY7919211.cram	/lustre/scratch124/casm/team113/projects/5621_5821_sgrna_crisprko_uveal_melanoma/DATA/CRAM/study_run_lane/29293_1#7.cram
5621STDY7919211	/seq/29293/29293_2#7.cram	5621	7	29293	2	MP46_c909R2	9e1669b97182c2fd844535e73601e84e	0	Genome-wide CRISPR-Cas9 screening of Human Organoid Lines	6459334	1	/lustre/scratch124/casm/team113/projects/5621_5821_sgrna_crisprko_uveal_melanoma/DATA/CRAM/study_sample/5621_5621STDY7919211.cram	/lustre/scratch124/casm/team113/projects/5621_5821_sgrna_crisprko_uveal_melanoma/DATA/CRAM/study_run_lane/29293_2#7.cram
5621STDY7919212	/seq/29289/29289_1#8.cram	5621	8	29289	1	MP46_c909R3	6dd5b3c1649d505780b8cdcf2c6afc24	0	Genome-wide CRISPR-Cas9 screening of Human Organoid Lines	6189341	1	/lustre/scratch124/casm/team113/projects/5621_5821_sgrna_crisprko_uveal_melanoma/DATA/CRAM/study_sample/5621_5621STDY7919212.cram	/lustre/scratch124/casm/team113/projects/5621_5821_sgrna_crisprko_uveal_melanoma/DATA/CRAM/study_run_lane/29289_1#8.cram
5621STDY7919212	/seq/29289/29289_2#8.cram	5621	8	29289	2	MP46_c909R3	c2fe5343f478fed8ed5b17bde51a494f	0	Genome-wide CRISPR-Cas9 screening of Human Organoid Lines	6284725	1	/lustre/scratch124/casm/team113/projects/5621_5821_sgrna_crisprko_uveal_melanoma/DATA/CRAM/study_sample/5621_5621STDY7919212.cram	/lustre/scratch124/casm/team113/projects/5621_5821_sgrna_crisprko_uveal_melanoma/DATA/CRAM/study_run_lane/29289_2#8.cram
5621STDY7919212	/seq/29290/29290_1#8.cram	5621	8	29290	1	MP46_c909R3	948ca4ded3d8ab9188315656284afbc3	0	Genome-wide CRISPR-Cas9 screening of Human Organoid Lines	6391223	1	/lustre/scratch124/casm/team113/projects/5621_5821_sgrna_crisprko_uveal_melanoma/DATA/CRAM/study_sample/5621_5621STDY7919212.cram	/lustre/scratch124/casm/team113/projects/5621_5821_sgrna_crisprko_uveal_melanoma/DATA/CRAM/study_run_lane/29290_1#8.cram
5621STDY7919212	/seq/29290/29290_2#8.cram	5621	8	29290	2	MP46_c909R3	cadea20315dba45e96ee28763f025b90	0	Genome-wide CRISPR-Cas9 screening of Human Organoid Lines	6346879	1	/lustre/scratch124/casm/team113/projects/5621_5821_sgrna_crisprko_uveal_melanoma/DATA/CRAM/study_sample/5621_5621STDY7919212.cram	/lustre/scratch124/casm/team113/projects/5621_5821_sgrna_crisprko_uveal_melanoma/DATA/CRAM/study_run_lane/29290_2#8.cram
5621STDY7919212	/seq/29293/29293_1#8.cram	5621	8	29293	1	MP46_c909R3	bc0127bb461f2a997d9427df502f2360	0	Genome-wide CRISPR-Cas9 screening of Human Organoid Lines	6862898	1	/lustre/scratch124/casm/team113/projects/5621_5821_sgrna_crisprko_uveal_melanoma/DATA/CRAM/study_sample/5621_5621STDY7919212.cram	/lustre/scratch124/casm/team113/projects/5621_5821_sgrna_crisprko_uveal_melanoma/DATA/CRAM/study_run_lane/29293_1#8.cram
5621STDY7919212	/seq/29293/29293_2#8.cram	5621	8	29293	2	MP46_c909R3	827a8c44f0f2377546f1400ea6f34d79	0	Genome-wide CRISPR-Cas9 screening of Human Organoid Lines	6985888	1	/lustre/scratch124/casm/team113/projects/5621_5821_sgrna_crisprko_uveal_melanoma/DATA/CRAM/study_sample/5621_5621STDY7919212.cram	/lustre/scratch124/casm/team113/projects/5621_5821_sgrna_crisprko_uveal_melanoma/DATA/CRAM/study_run_lane/29293_2#8.cram
5621STDY7919213	/seq/29289/29289_1#9.cram	5621	9	29289	1	Mel285_c909R2	d2166897a703560f4fb5137cdc64e031	0	Genome-wide CRISPR-Cas9 screening of Human Organoid Lines	6461216	1	/lustre/scratch124/casm/team113/projects/5621_5821_sgrna_crisprko_uveal_melanoma/DATA/CRAM/study_sample/5621_5621STDY7919213.cram	/lustre/scratch124/casm/team113/projects/5621_5821_sgrna_crisprko_uveal_melanoma/DATA/CRAM/study_run_lane/29289_1#9.cram
5621STDY7919213	/seq/29289/29289_2#9.cram	5621	9	29289	2	Mel285_c909R2	50664455a5cce837de2d58aa7be048e5	0	Genome-wide CRISPR-Cas9 screening of Human Organoid Lines	6552363	1	/lustre/scratch124/casm/team113/projects/5621_5821_sgrna_crisprko_uveal_melanoma/DATA/CRAM/study_sample/5621_5621STDY7919213.cram	/lustre/scratch124/casm/team113/projects/5621_5821_sgrna_crisprko_uveal_melanoma/DATA/CRAM/study_run_lane/29289_2#9.cram
5621STDY7919213	/seq/29290/29290_1#9.cram	5621	9	29290	1	Mel285_c909R2	e85fc2d6fb86e319c0299a651adaa6c9	0	Genome-wide CRISPR-Cas9 screening of Human Organoid Lines	6651045	1	/lustre/scratch124/casm/team113/projects/5621_5821_sgrna_crisprko_uveal_melanoma/DATA/CRAM/study_sample/5621_5621STDY7919213.cram	/lustre/scratch124/casm/team113/projects/5621_5821_sgrna_crisprko_uveal_melanoma/DATA/CRAM/study_run_lane/29290_1#9.cram
5621STDY7919213	/seq/29290/29290_2#9.cram	5621	9	29290	2	Mel285_c909R2	f9f58eab8eb25d3fae8753caca59ca38	0	Genome-wide CRISPR-Cas9 screening of Human Organoid Lines	6602929	1	/lustre/scratch124/casm/team113/projects/5621_5821_sgrna_crisprko_uveal_melanoma/DATA/CRAM/study_sample/5621_5621STDY7919213.cram	/lustre/scratch124/casm/team113/projects/5621_5821_sgrna_crisprko_uveal_melanoma/DATA/CRAM/study_run_lane/29290_2#9.cram
5621STDY7919213	/seq/29293/29293_1#9.cram	5621	9	29293	1	Mel285_c909R2	f8f67faac8839cc61bbd58fbdf04f545	0	Genome-wide CRISPR-Cas9 screening of Human Organoid Lines	7032040	1	/lustre/scratch124/casm/team113/projects/5621_5821_sgrna_crisprko_uveal_melanoma/DATA/CRAM/study_sample/5621_5621STDY7919213.cram	/lustre/scratch124/casm/team113/projects/5621_5821_sgrna_crisprko_uveal_melanoma/DATA/CRAM/study_run_lane/29293_1#9.cram
5621STDY7919213	/seq/29293/29293_2#9.cram	5621	9	29293	2	Mel285_c909R2	c382f9df6b4eedfa2761615de43a7db9	0	Genome-wide CRISPR-Cas9 screening of Human Organoid Lines	7149655	1	/lustre/scratch124/casm/team113/projects/5621_5821_sgrna_crisprko_uveal_melanoma/DATA/CRAM/study_sample/5621_5621STDY7919213.cram	/lustre/scratch124/casm/team113/projects/5621_5821_sgrna_crisprko_uveal_melanoma/DATA/CRAM/study_run_lane/29293_2#9.cram
5621STDY7919214	/seq/29289/29289_1#10.cram	5621	10	29289	1	Mel285_c909R3	ca314bbe526eb71f7e156fffda03d50d	0	Genome-wide CRISPR-Cas9 screening of Human Organoid Lines	5770086	1	/lustre/scratch124/casm/team113/projects/5621_5821_sgrna_crisprko_uveal_melanoma/DATA/CRAM/study_sample/5621_5621STDY7919214.cram	/lustre/scratch124/casm/team113/projects/5621_5821_sgrna_crisprko_uveal_melanoma/DATA/CRAM/study_run_lane/29289_1#10.cram
5621STDY7919214	/seq/29289/29289_2#10.cram	5621	10	29289	2	Mel285_c909R3	7815bc9b7130899504c82f8c6592b6ba	0	Genome-wide CRISPR-Cas9 screening of Human Organoid Lines	5858508	1	/lustre/scratch124/casm/team113/projects/5621_5821_sgrna_crisprko_uveal_melanoma/DATA/CRAM/study_sample/5621_5621STDY7919214.cram	/lustre/scratch124/casm/team113/projects/5621_5821_sgrna_crisprko_uveal_melanoma/DATA/CRAM/study_run_lane/29289_2#10.cram
5621STDY7919214	/seq/29290/29290_1#10.cram	5621	10	29290	1	Mel285_c909R3	1f6905993363d21177a3ae38bc3e00b2	0	Genome-wide CRISPR-Cas9 screening of Human Organoid Lines	5972498	1	/lustre/scratch124/casm/team113/projects/5621_5821_sgrna_crisprko_uveal_melanoma/DATA/CRAM/study_sample/5621_5621STDY7919214.cram	/lustre/scratch124/casm/team113/projects/5621_5821_sgrna_crisprko_uveal_melanoma/DATA/CRAM/study_run_lane/29290_1#10.cram
5621STDY7919214	/seq/29290/29290_2#10.cram	5621	10	29290	2	Mel285_c909R3	ca5ea6d8da15659b862965abfeff6898	0	Genome-wide CRISPR-Cas9 screening of Human Organoid Lines	5929645	1	/lustre/scratch124/casm/team113/projects/5621_5821_sgrna_crisprko_uveal_melanoma/DATA/CRAM/study_sample/5621_5621STDY7919214.cram	/lustre/scratch124/casm/team113/projects/5621_5821_sgrna_crisprko_uveal_melanoma/DATA/CRAM/study_run_lane/29290_2#10.cram
5621STDY7919214	/seq/29293/29293_1#10.cram	5621	10	29293	1	Mel285_c909R3	b70eba79b5bc376508128352a268b8a1	0	Genome-wide CRISPR-Cas9 screening of Human Organoid Lines	6279265	1	/lustre/scratch124/casm/team113/projects/5621_5821_sgrna_crisprko_uveal_melanoma/DATA/CRAM/study_sample/5621_5621STDY7919214.cram	/lustre/scratch124/casm/team113/projects/5621_5821_sgrna_crisprko_uveal_melanoma/DATA/CRAM/study_run_lane/29293_1#10.cram
5621STDY7919214	/seq/29293/29293_2#10.cram	5621	10	29293	2	Mel285_c909R3	940f80825760bf60ab0803a0de84ab31	0	Genome-wide CRISPR-Cas9 screening of Human Organoid Lines	6393915	1	/lustre/scratch124/casm/team113/projects/5621_5821_sgrna_crisprko_uveal_melanoma/DATA/CRAM/study_sample/5621_5621STDY7919214.cram	/lustre/scratch124/casm/team113/projects/5621_5821_sgrna_crisprko_uveal_melanoma/DATA/CRAM/study_run_lane/29293_2#10.cram
5621STDY7919215	/seq/29289/29289_1#11.cram	5621	11	29289	1	OMM25_c909R1	b1993dadd93f0be35620a59c697d1148	0	Genome-wide CRISPR-Cas9 screening of Human Organoid Lines	4159072	1	/lustre/scratch124/casm/team113/projects/5621_5821_sgrna_crisprko_uveal_melanoma/DATA/CRAM/study_sample/5621_5621STDY7919215.cram	/lustre/scratch124/casm/team113/projects/5621_5821_sgrna_crisprko_uveal_melanoma/DATA/CRAM/study_run_lane/29289_1#11.cram
5621STDY7919215	/seq/29289/29289_2#11.cram	5621	11	29289	2	OMM25_c909R1	a33d032cac4fc9eb694059d8628f02bb	0	Genome-wide CRISPR-Cas9 screening of Human Organoid Lines	4210657	1	/lustre/scratch124/casm/team113/projects/5621_5821_sgrna_crisprko_uveal_melanoma/DATA/CRAM/study_sample/5621_5621STDY7919215.cram	/lustre/scratch124/casm/team113/projects/5621_5821_sgrna_crisprko_uveal_melanoma/DATA/CRAM/study_run_lane/29289_2#11.cram
5621STDY7919215	/seq/29290/29290_1#11.cram	5621	11	29290	1	OMM25_c909R1	4767bf99a78b309d9624fc865cab2e31	0	Genome-wide CRISPR-Cas9 screening of Human Organoid Lines	4254950	1	/lustre/scratch124/casm/team113/projects/5621_5821_sgrna_crisprko_uveal_melanoma/DATA/CRAM/study_sample/5621_5621STDY7919215.cram	/lustre/scratch124/casm/team113/projects/5621_5821_sgrna_crisprko_uveal_melanoma/DATA/CRAM/study_run_lane/29290_1#11.cram
5621STDY7919215	/seq/29290/29290_2#11.cram	5621	11	29290	2	OMM25_c909R1	5700aac4d57a3befe4ea3b3616254fc1	0	Genome-wide CRISPR-Cas9 screening of Human Organoid Lines	4223516	1	/lustre/scratch124/casm/team113/projects/5621_5821_sgrna_crisprko_uveal_melanoma/DATA/CRAM/study_sample/5621_5621STDY7919215.cram	/lustre/scratch124/casm/team113/projects/5621_5821_sgrna_crisprko_uveal_melanoma/DATA/CRAM/study_run_lane/29290_2#11.cram
5621STDY7919215	/seq/29293/29293_1#11.cram	5621	11	29293	1	OMM25_c909R1	31f73f859b386bcb50283b387707538b	0	Genome-wide CRISPR-Cas9 screening of Human Organoid Lines	4340344	1	/lustre/scratch124/casm/team113/projects/5621_5821_sgrna_crisprko_uveal_melanoma/DATA/CRAM/study_sample/5621_5621STDY7919215.cram	/lustre/scratch124/casm/team113/projects/5621_5821_sgrna_crisprko_uveal_melanoma/DATA/CRAM/study_run_lane/29293_1#11.cram
5621STDY7919215	/seq/29293/29293_2#11.cram	5621	11	29293	2	OMM25_c909R1	66c66a65455713bd63877c775cc3077e	0	Genome-wide CRISPR-Cas9 screening of Human Organoid Lines	4416357	1	/lustre/scratch124/casm/team113/projects/5621_5821_sgrna_crisprko_uveal_melanoma/DATA/CRAM/study_sample/5621_5621STDY7919215.cram	/lustre/scratch124/casm/team113/projects/5621_5821_sgrna_crisprko_uveal_melanoma/DATA/CRAM/study_run_lane/29293_2#11.cram
5621STDY7919216	/seq/29289/29289_1#12.cram	5621	12	29289	1	OMM25_c909R2	ff4d16efc37e61d5e2502394abbb492e	0	Genome-wide CRISPR-Cas9 screening of Human Organoid Lines	6763234	1	/lustre/scratch124/casm/team113/projects/5621_5821_sgrna_crisprko_uveal_melanoma/DATA/CRAM/study_sample/5621_5621STDY7919216.cram	/lustre/scratch124/casm/team113/projects/5621_5821_sgrna_crisprko_uveal_melanoma/DATA/CRAM/study_run_lane/29289_1#12.cram
5621STDY7919216	/seq/29289/29289_2#12.cram	5621	12	29289	2	OMM25_c909R2	711b6288272d6cd7dd88f02f5dc91ea6	0	Genome-wide CRISPR-Cas9 screening of Human Organoid Lines	6868887	1	/lustre/scratch124/casm/team113/projects/5621_5821_sgrna_crisprko_uveal_melanoma/DATA/CRAM/study_sample/5621_5621STDY7919216.cram	/lustre/scratch124/casm/team113/projects/5621_5821_sgrna_crisprko_uveal_melanoma/DATA/CRAM/study_run_lane/29289_2#12.cram
5621STDY7919216	/seq/29290/29290_1#12.cram	5621	12	29290	1	OMM25_c909R2	c94d2a02df69e9a090cc712f4933f4e0	0	Genome-wide CRISPR-Cas9 screening of Human Organoid Lines	6983102	1	/lustre/scratch124/casm/team113/projects/5621_5821_sgrna_crisprko_uveal_melanoma/DATA/CRAM/study_sample/5621_5621STDY7919216.cram	/lustre/scratch124/casm/team113/projects/5621_5821_sgrna_crisprko_uveal_melanoma/DATA/CRAM/study_run_lane/29290_1#12.cram
5621STDY7919216	/seq/29290/29290_2#12.cram	5621	12	29290	2	OMM25_c909R2	707c6c628a8bef2b8da21851ac8ef383	0	Genome-wide CRISPR-Cas9 screening of Human Organoid Lines	6922274	1	/lustre/scratch124/casm/team113/projects/5621_5821_sgrna_crisprko_uveal_melanoma/DATA/CRAM/study_sample/5621_5621STDY7919216.cram	/lustre/scratch124/casm/team113/projects/5621_5821_sgrna_crisprko_uveal_melanoma/DATA/CRAM/study_run_lane/29290_2#12.cram
5621STDY7919216	/seq/29293/29293_1#12.cram	5621	12	29293	1	OMM25_c909R2	bd9d8933501ab9223605b30036ec2ccb	0	Genome-wide CRISPR-Cas9 screening of Human Organoid Lines	7446279	1	/lustre/scratch124/casm/team113/projects/5621_5821_sgrna_crisprko_uveal_melanoma/DATA/CRAM/study_sample/5621_5621STDY7919216.cram	/lustre/scratch124/casm/team113/projects/5621_5821_sgrna_crisprko_uveal_melanoma/DATA/CRAM/study_run_lane/29293_1#12.cram
5621STDY7919216	/seq/29293/29293_2#12.cram	5621	12	29293	2	OMM25_c909R2	91b8121c5ea4a1107fdcb420bf401f9c	0	Genome-wide CRISPR-Cas9 screening of Human Organoid Lines	7582302	1	/lustre/scratch124/casm/team113/projects/5621_5821_sgrna_crisprko_uveal_melanoma/DATA/CRAM/study_sample/5621_5621STDY7919216.cram	/lustre/scratch124/casm/team113/projects/5621_5821_sgrna_crisprko_uveal_melanoma/DATA/CRAM/study_run_lane/29293_2#12.cram
5621STDY7919217	/seq/29289/29289_1#13.cram	5621	13	29289	1	OMM25_c909R3	b734a7d52ee664251666360552794dc3	0	Genome-wide CRISPR-Cas9 screening of Human Organoid Lines	5501042	1	/lustre/scratch124/casm/team113/projects/5621_5821_sgrna_crisprko_uveal_melanoma/DATA/CRAM/study_sample/5621_5621STDY7919217.cram	/lustre/scratch124/casm/team113/projects/5621_5821_sgrna_crisprko_uveal_melanoma/DATA/CRAM/study_run_lane/29289_1#13.cram
5621STDY7919217	/seq/29289/29289_2#13.cram	5621	13	29289	2	OMM25_c909R3	71dd29c8c10414bad791e5978ecb2cc1	0	Genome-wide CRISPR-Cas9 screening of Human Organoid Lines	5578412	1	/lustre/scratch124/casm/team113/projects/5621_5821_sgrna_crisprko_uveal_melanoma/DATA/CRAM/study_sample/5621_5621STDY7919217.cram	/lustre/scratch124/casm/team113/projects/5621_5821_sgrna_crisprko_uveal_melanoma/DATA/CRAM/study_run_lane/29289_2#13.cram
5621STDY7919217	/seq/29290/29290_1#13.cram	5621	13	29290	1	OMM25_c909R3	c82edccdc98e731e4cff5824e15b518e	0	Genome-wide CRISPR-Cas9 screening of Human Organoid Lines	5659457	1	/lustre/scratch124/casm/team113/projects/5621_5821_sgrna_crisprko_uveal_melanoma/DATA/CRAM/study_sample/5621_5621STDY7919217.cram	/lustre/scratch124/casm/team113/projects/5621_5821_sgrna_crisprko_uveal_melanoma/DATA/CRAM/study_run_lane/29290_1#13.cram
5621STDY7919217	/seq/29290/29290_2#13.cram	5621	13	29290	2	OMM25_c909R3	ec1949686891346d2494576d3cd9c0ac	0	Genome-wide CRISPR-Cas9 screening of Human Organoid Lines	5617801	1	/lustre/scratch124/casm/team113/projects/5621_5821_sgrna_crisprko_uveal_melanoma/DATA/CRAM/study_sample/5621_5621STDY7919217.cram	/lustre/scratch124/casm/team113/projects/5621_5821_sgrna_crisprko_uveal_melanoma/DATA/CRAM/study_run_lane/29290_2#13.cram
5621STDY7919217	/seq/29293/29293_1#13.cram	5621	13	29293	1	OMM25_c909R3	331ef14111f3ebf15dc371a2c155bb07	0	Genome-wide CRISPR-Cas9 screening of Human Organoid Lines	5879524	1	/lustre/scratch124/casm/team113/projects/5621_5821_sgrna_crisprko_uveal_melanoma/DATA/CRAM/study_sample/5621_5621STDY7919217.cram	/lustre/scratch124/casm/team113/projects/5621_5821_sgrna_crisprko_uveal_melanoma/DATA/CRAM/study_run_lane/29293_1#13.cram
5621STDY7919217	/seq/29293/29293_2#13.cram	5621	13	29293	2	OMM25_c909R3	3bbfffd4346c64671b5862f96754e434	0	Genome-wide CRISPR-Cas9 screening of Human Organoid Lines	5985495	1	/lustre/scratch124/casm/team113/projects/5621_5821_sgrna_crisprko_uveal_melanoma/DATA/CRAM/study_sample/5621_5621STDY7919217.cram	/lustre/scratch124/casm/team113/projects/5621_5821_sgrna_crisprko_uveal_melanoma/DATA/CRAM/study_run_lane/29293_2#13.cram
5621STDY7919218	/seq/29289/29289_1#14.cram	5621	14	29289	1	OMM23_c909R1	51fe7861dff5cd42fa47206b8b09667c	0	Genome-wide CRISPR-Cas9 screening of Human Organoid Lines	19303798	1	/lustre/scratch124/casm/team113/projects/5621_5821_sgrna_crisprko_uveal_melanoma/DATA/CRAM/study_sample/5621_5621STDY7919218.cram	/lustre/scratch124/casm/team113/projects/5621_5821_sgrna_crisprko_uveal_melanoma/DATA/CRAM/study_run_lane/29289_1#14.cram
5621STDY7919218	/seq/29289/29289_2#14.cram	5621	14	29289	2	OMM23_c909R1	ffe6e0264d6a8147694ea756f292c477	0	Genome-wide CRISPR-Cas9 screening of Human Organoid Lines	19601481	1	/lustre/scratch124/casm/team113/projects/5621_5821_sgrna_crisprko_uveal_melanoma/DATA/CRAM/study_sample/5621_5621STDY7919218.cram	/lustre/scratch124/casm/team113/projects/5621_5821_sgrna_crisprko_uveal_melanoma/DATA/CRAM/study_run_lane/29289_2#14.cram
5621STDY7919218	/seq/29290/29290_1#14.cram	5621	14	29290	1	OMM23_c909R1	c322841b1e6296ee34f0f2aa56978df4	0	Genome-wide CRISPR-Cas9 screening of Human Organoid Lines	19949322	1	/lustre/scratch124/casm/team113/projects/5621_5821_sgrna_crisprko_uveal_melanoma/DATA/CRAM/study_sample/5621_5621STDY7919218.cram	/lustre/scratch124/casm/team113/projects/5621_5821_sgrna_crisprko_uveal_melanoma/DATA/CRAM/study_run_lane/29290_1#14.cram
5621STDY7919218	/seq/29290/29290_2#14.cram	5621	14	29290	2	OMM23_c909R1	6993f739371cb7affecc0259b70f7368	0	Genome-wide CRISPR-Cas9 screening of Human Organoid Lines	19785368	1	/lustre/scratch124/casm/team113/projects/5621_5821_sgrna_crisprko_uveal_melanoma/DATA/CRAM/study_sample/5621_5621STDY7919218.cram	/lustre/scratch124/casm/team113/projects/5621_5821_sgrna_crisprko_uveal_melanoma/DATA/CRAM/study_run_lane/29290_2#14.cram
5621STDY7919218	/seq/29293/29293_1#14.cram	5621	14	29293	1	OMM23_c909R1	739c8b46c08f740e79daed0fa852acc5	0	Genome-wide CRISPR-Cas9 screening of Human Organoid Lines	21285590	1	/lustre/scratch124/casm/team113/projects/5621_5821_sgrna_crisprko_uveal_melanoma/DATA/CRAM/study_sample/5621_5621STDY7919218.cram	/lustre/scratch124/casm/team113/projects/5621_5821_sgrna_crisprko_uveal_melanoma/DATA/CRAM/study_run_lane/29293_1#14.cram
5621STDY7919218	/seq/29293/29293_2#14.cram	5621	14	29293	2	OMM23_c909R1	513ba15f40ba8ce251d8da5be0c72d9f	0	Genome-wide CRISPR-Cas9 screening of Human Organoid Lines	21705359	1	/lustre/scratch124/casm/team113/projects/5621_5821_sgrna_crisprko_uveal_melanoma/DATA/CRAM/study_sample/5621_5621STDY7919218.cram	/lustre/scratch124/casm/team113/projects/5621_5821_sgrna_crisprko_uveal_melanoma/DATA/CRAM/study_run_lane/29293_2#14.cram
5621STDY7919219	/seq/29289/29289_1#15.cram	5621	15	29289	1	OMM23_c909R2	847f5ecfea763585a763b02d6ed76494	0	Genome-wide CRISPR-Cas9 screening of Human Organoid Lines	6154661	1	/lustre/scratch124/casm/team113/projects/5621_5821_sgrna_crisprko_uveal_melanoma/DATA/CRAM/study_sample/5621_5621STDY7919219.cram	/lustre/scratch124/casm/team113/projects/5621_5821_sgrna_crisprko_uveal_melanoma/DATA/CRAM/study_run_lane/29289_1#15.cram
5621STDY7919219	/seq/29289/29289_2#15.cram	5621	15	29289	2	OMM23_c909R2	2fdc88ff10ea6b1fbe23879aa71d1c62	0	Genome-wide CRISPR-Cas9 screening of Human Organoid Lines	6246059	1	/lustre/scratch124/casm/team113/projects/5621_5821_sgrna_crisprko_uveal_melanoma/DATA/CRAM/study_sample/5621_5621STDY7919219.cram	/lustre/scratch124/casm/team113/projects/5621_5821_sgrna_crisprko_uveal_melanoma/DATA/CRAM/study_run_lane/29289_2#15.cram
5621STDY7919219	/seq/29290/29290_1#15.cram	5621	15	29290	1	OMM23_c909R2	5448556c2b829324343219f24260bbbe	0	Genome-wide CRISPR-Cas9 screening of Human Organoid Lines	6339532	1	/lustre/scratch124/casm/team113/projects/5621_5821_sgrna_crisprko_uveal_melanoma/DATA/CRAM/study_sample/5621_5621STDY7919219.cram	/lustre/scratch124/casm/team113/projects/5621_5821_sgrna_crisprko_uveal_melanoma/DATA/CRAM/study_run_lane/29290_1#15.cram
5621STDY7919219	/seq/29290/29290_2#15.cram	5621	15	29290	2	OMM23_c909R2	62829636fc61bc6fac43475d8110fe93	0	Genome-wide CRISPR-Cas9 screening of Human Organoid Lines	6282830	1	/lustre/scratch124/casm/team113/projects/5621_5821_sgrna_crisprko_uveal_melanoma/DATA/CRAM/study_sample/5621_5621STDY7919219.cram	/lustre/scratch124/casm/team113/projects/5621_5821_sgrna_crisprko_uveal_melanoma/DATA/CRAM/study_run_lane/29290_2#15.cram
5621STDY7919219	/seq/29293/29293_1#15.cram	5621	15	29293	1	OMM23_c909R2	1d6a6040bf594af155ff657867f69646	0	Genome-wide CRISPR-Cas9 screening of Human Organoid Lines	6531072	1	/lustre/scratch124/casm/team113/projects/5621_5821_sgrna_crisprko_uveal_melanoma/DATA/CRAM/study_sample/5621_5621STDY7919219.cram	/lustre/scratch124/casm/team113/projects/5621_5821_sgrna_crisprko_uveal_melanoma/DATA/CRAM/study_run_lane/29293_1#15.cram
5621STDY7919219	/seq/29293/29293_2#15.cram	5621	15	29293	2	OMM23_c909R2	beb551be8e1638cdcb2b3fd6cf4ab231	0	Genome-wide CRISPR-Cas9 screening of Human Organoid Lines	6647867	1	/lustre/scratch124/casm/team113/projects/5621_5821_sgrna_crisprko_uveal_melanoma/DATA/CRAM/study_sample/5621_5621STDY7919219.cram	/lustre/scratch124/casm/team113/projects/5621_5821_sgrna_crisprko_uveal_melanoma/DATA/CRAM/study_run_lane/29293_2#15.cram
5621STDY7919220	/seq/29289/29289_1#16.cram	5621	16	29289	1	OMM23_c909R3	4f8393874e90678511f970270d87f472	0	Genome-wide CRISPR-Cas9 screening of Human Organoid Lines	5660547	1	/lustre/scratch124/casm/team113/projects/5621_5821_sgrna_crisprko_uveal_melanoma/DATA/CRAM/study_sample/5621_5621STDY7919220.cram	/lustre/scratch124/casm/team113/projects/5621_5821_sgrna_crisprko_uveal_melanoma/DATA/CRAM/study_run_lane/29289_1#16.cram
5621STDY7919220	/seq/29289/29289_2#16.cram	5621	16	29289	2	OMM23_c909R3	07da21b9444598f0c52f6d9c8e5dc56f	0	Genome-wide CRISPR-Cas9 screening of Human Organoid Lines	5742940	1	/lustre/scratch124/casm/team113/projects/5621_5821_sgrna_crisprko_uveal_melanoma/DATA/CRAM/study_sample/5621_5621STDY7919220.cram	/lustre/scratch124/casm/team113/projects/5621_5821_sgrna_crisprko_uveal_melanoma/DATA/CRAM/study_run_lane/29289_2#16.cram
5621STDY7919220	/seq/29290/29290_1#16.cram	5621	16	29290	1	OMM23_c909R3	639bf86b157d5f86579b4204548a1f00	0	Genome-wide CRISPR-Cas9 screening of Human Organoid Lines	5842085	1	/lustre/scratch124/casm/team113/projects/5621_5821_sgrna_crisprko_uveal_melanoma/DATA/CRAM/study_sample/5621_5621STDY7919220.cram	/lustre/scratch124/casm/team113/projects/5621_5821_sgrna_crisprko_uveal_melanoma/DATA/CRAM/study_run_lane/29290_1#16.cram
5621STDY7919220	/seq/29290/29290_2#16.cram	5621	16	29290	2	OMM23_c909R3	806ccc72af99d0f4ea678d22db2435fc	0	Genome-wide CRISPR-Cas9 screening of Human Organoid Lines	5797088	1	/lustre/scratch124/casm/team113/projects/5621_5821_sgrna_crisprko_uveal_melanoma/DATA/CRAM/study_sample/5621_5621STDY7919220.cram	/lustre/scratch124/casm/team113/projects/5621_5821_sgrna_crisprko_uveal_melanoma/DATA/CRAM/study_run_lane/29290_2#16.cram
5621STDY7919220	/seq/29293/29293_1#16.cram	5621	16	29293	1	OMM23_c909R3	facf3b772b30a34330e7f4a166964f94	0	Genome-wide CRISPR-Cas9 screening of Human Organoid Lines	6136305	1	/lustre/scratch124/casm/team113/projects/5621_5821_sgrna_crisprko_uveal_melanoma/DATA/CRAM/study_sample/5621_5621STDY7919220.cram	/lustre/scratch124/casm/team113/projects/5621_5821_sgrna_crisprko_uveal_melanoma/DATA/CRAM/study_run_lane/29293_1#16.cram
5621STDY7919220	/seq/29293/29293_2#16.cram	5621	16	29293	2	OMM23_c909R3	49926d4a4b2f906fc122ebc2a89a3a88	0	Genome-wide CRISPR-Cas9 screening of Human Organoid Lines	6243623	1	/lustre/scratch124/casm/team113/projects/5621_5821_sgrna_crisprko_uveal_melanoma/DATA/CRAM/study_sample/5621_5621STDY7919220.cram	/lustre/scratch124/casm/team113/projects/5621_5821_sgrna_crisprko_uveal_melanoma/DATA/CRAM/study_run_lane/29293_2#16.cram
5621STDY7919221	/seq/29289/29289_1#20.cram	5621	20	29289	1	MP41_c909R1	e55a6b98ad48acf1a23d5dd3fd1c9a44	0	Genome-wide CRISPR-Cas9 screening of Human Organoid Lines	6700024	1	/lustre/scratch124/casm/team113/projects/5621_5821_sgrna_crisprko_uveal_melanoma/DATA/CRAM/study_sample/5621_5621STDY7919221.cram	/lustre/scratch124/casm/team113/projects/5621_5821_sgrna_crisprko_uveal_melanoma/DATA/CRAM/study_run_lane/29289_1#20.cram
5621STDY7919221	/seq/29289/29289_2#20.cram	5621	20	29289	2	MP41_c909R1	ac0a9b59d4039fd7bdfbe88526d16db1	0	Genome-wide CRISPR-Cas9 screening of Human Organoid Lines	6806917	1	/lustre/scratch124/casm/team113/projects/5621_5821_sgrna_crisprko_uveal_melanoma/DATA/CRAM/study_sample/5621_5621STDY7919221.cram	/lustre/scratch124/casm/team113/projects/5621_5821_sgrna_crisprko_uveal_melanoma/DATA/CRAM/study_run_lane/29289_2#20.cram
5621STDY7919221	/seq/29290/29290_1#20.cram	5621	20	29290	1	MP41_c909R1	e467404afa79dfa11502062138947292	0	Genome-wide CRISPR-Cas9 screening of Human Organoid Lines	6920656	1	/lustre/scratch124/casm/team113/projects/5621_5821_sgrna_crisprko_uveal_melanoma/DATA/CRAM/study_sample/5621_5621STDY7919221.cram	/lustre/scratch124/casm/team113/projects/5621_5821_sgrna_crisprko_uveal_melanoma/DATA/CRAM/study_run_lane/29290_1#20.cram
5621STDY7919221	/seq/29290/29290_2#20.cram	5621	20	29290	2	MP41_c909R1	01cdbb84d463f83da4038d191d6cfa97	0	Genome-wide CRISPR-Cas9 screening of Human Organoid Lines	6863111	1	/lustre/scratch124/casm/team113/projects/5621_5821_sgrna_crisprko_uveal_melanoma/DATA/CRAM/study_sample/5621_5621STDY7919221.cram	/lustre/scratch124/casm/team113/projects/5621_5821_sgrna_crisprko_uveal_melanoma/DATA/CRAM/study_run_lane/29290_2#20.cram
5621STDY7919221	/seq/29293/29293_1#20.cram	5621	20	29293	1	MP41_c909R1	573656588648c0899c6cbe49edc51871	0	Genome-wide CRISPR-Cas9 screening of Human Organoid Lines	7332347	1	/lustre/scratch124/casm/team113/projects/5621_5821_sgrna_crisprko_uveal_melanoma/DATA/CRAM/study_sample/5621_5621STDY7919221.cram	/lustre/scratch124/casm/team113/projects/5621_5821_sgrna_crisprko_uveal_melanoma/DATA/CRAM/study_run_lane/29293_1#20.cram
5621STDY7919221	/seq/29293/29293_2#20.cram	5621	20	29293	2	MP41_c909R1	39dd806fb2369891f2929b3204c7cada	0	Genome-wide CRISPR-Cas9 screening of Human Organoid Lines	7475414	1	/lustre/scratch124/casm/team113/projects/5621_5821_sgrna_crisprko_uveal_melanoma/DATA/CRAM/study_sample/5621_5621STDY7919221.cram	/lustre/scratch124/casm/team113/projects/5621_5821_sgrna_crisprko_uveal_melanoma/DATA/CRAM/study_run_lane/29293_2#20.cram
5621STDY7919222	/seq/29289/29289_1#21.cram	5621	21	29289	1	MP41_c909R2	2555ed9f92b61c0ba645c13b59adf29e	0	Genome-wide CRISPR-Cas9 screening of Human Organoid Lines	6334492	1	/lustre/scratch124/casm/team113/projects/5621_5821_sgrna_crisprko_uveal_melanoma/DATA/CRAM/study_sample/5621_5621STDY7919222.cram	/lustre/scratch124/casm/team113/projects/5621_5821_sgrna_crisprko_uveal_melanoma/DATA/CRAM/study_run_lane/29289_1#21.cram
5621STDY7919222	/seq/29289/29289_2#21.cram	5621	21	29289	2	MP41_c909R2	b62f8543fc78ee55171fc2f768458459	0	Genome-wide CRISPR-Cas9 screening of Human Organoid Lines	6415319	1	/lustre/scratch124/casm/team113/projects/5621_5821_sgrna_crisprko_uveal_melanoma/DATA/CRAM/study_sample/5621_5621STDY7919222.cram	/lustre/scratch124/casm/team113/projects/5621_5821_sgrna_crisprko_uveal_melanoma/DATA/CRAM/study_run_lane/29289_2#21.cram
5621STDY7919222	/seq/29290/29290_1#21.cram	5621	21	29290	1	MP41_c909R2	0a9e18fc6dc20a3240e1f13c5f2627ff	0	Genome-wide CRISPR-Cas9 screening of Human Organoid Lines	6506643	1	/lustre/scratch124/casm/team113/projects/5621_5821_sgrna_crisprko_uveal_melanoma/DATA/CRAM/study_sample/5621_5621STDY7919222.cram	/lustre/scratch124/casm/team113/projects/5621_5821_sgrna_crisprko_uveal_melanoma/DATA/CRAM/study_run_lane/29290_1#21.cram
5621STDY7919222	/seq/29290/29290_2#21.cram	5621	21	29290	2	MP41_c909R2	c08219eac5b9f4506cf60b68445ab85c	0	Genome-wide CRISPR-Cas9 screening of Human Organoid Lines	6471346	1	/lustre/scratch124/casm/team113/projects/5621_5821_sgrna_crisprko_uveal_melanoma/DATA/CRAM/study_sample/5621_5621STDY7919222.cram	/lustre/scratch124/casm/team113/projects/5621_5821_sgrna_crisprko_uveal_melanoma/DATA/CRAM/study_run_lane/29290_2#21.cram
5621STDY7919222	/seq/29293/29293_1#21.cram	5621	21	29293	1	MP41_c909R2	791314c2109f72b8dce817fa624f5519	0	Genome-wide CRISPR-Cas9 screening of Human Organoid Lines	6749999	1	/lustre/scratch124/casm/team113/projects/5621_5821_sgrna_crisprko_uveal_melanoma/DATA/CRAM/study_sample/5621_5621STDY7919222.cram	/lustre/scratch124/casm/team113/projects/5621_5821_sgrna_crisprko_uveal_melanoma/DATA/CRAM/study_run_lane/29293_1#21.cram
5621STDY7919222	/seq/29293/29293_2#21.cram	5621	21	29293	2	MP41_c909R2	0dbfd50280335202b349ab53f6f90d38	0	Genome-wide CRISPR-Cas9 screening of Human Organoid Lines	6857210	1	/lustre/scratch124/casm/team113/projects/5621_5821_sgrna_crisprko_uveal_melanoma/DATA/CRAM/study_sample/5621_5621STDY7919222.cram	/lustre/scratch124/casm/team113/projects/5621_5821_sgrna_crisprko_uveal_melanoma/DATA/CRAM/study_run_lane/29293_2#21.cram
5621STDY7919223	/seq/29289/29289_1#22.cram	5621	22	29289	1	MP41_c909R3	fae99e57f2c639d923380efa6fc230a3	0	Genome-wide CRISPR-Cas9 screening of Human Organoid Lines	6275687	1	/lustre/scratch124/casm/team113/projects/5621_5821_sgrna_crisprko_uveal_melanoma/DATA/CRAM/study_sample/5621_5621STDY7919223.cram	/lustre/scratch124/casm/team113/projects/5621_5821_sgrna_crisprko_uveal_melanoma/DATA/CRAM/study_run_lane/29289_1#22.cram
5621STDY7919223	/seq/29289/29289_2#22.cram	5621	22	29289	2	MP41_c909R3	e347ff66ba659b1eef73ccdb0a20499f	0	Genome-wide CRISPR-Cas9 screening of Human Organoid Lines	6358548	1	/lustre/scratch124/casm/team113/projects/5621_5821_sgrna_crisprko_uveal_melanoma/DATA/CRAM/study_sample/5621_5621STDY7919223.cram	/lustre/scratch124/casm/team113/projects/5621_5821_sgrna_crisprko_uveal_melanoma/DATA/CRAM/study_run_lane/29289_2#22.cram
5621STDY7919223	/seq/29290/29290_1#22.cram	5621	22	29290	1	MP41_c909R3	3cf5935a99c89367f9284e26ebea9ac1	0	Genome-wide CRISPR-Cas9 screening of Human Organoid Lines	6428525	1	/lustre/scratch124/casm/team113/projects/5621_5821_sgrna_crisprko_uveal_melanoma/DATA/CRAM/study_sample/5621_5621STDY7919223.cram	/lustre/scratch124/casm/team113/projects/5621_5821_sgrna_crisprko_uveal_melanoma/DATA/CRAM/study_run_lane/29290_1#22.cram
5621STDY7919223	/seq/29290/29290_2#22.cram	5621	22	29290	2	MP41_c909R3	98ee851bff72cc6d4b11335abd401f51	0	Genome-wide CRISPR-Cas9 screening of Human Organoid Lines	6386296	1	/lustre/scratch124/casm/team113/projects/5621_5821_sgrna_crisprko_uveal_melanoma/DATA/CRAM/study_sample/5621_5621STDY7919223.cram	/lustre/scratch124/casm/team113/projects/5621_5821_sgrna_crisprko_uveal_melanoma/DATA/CRAM/study_run_lane/29290_2#22.cram
5621STDY7919223	/seq/29293/29293_1#22.cram	5621	22	29293	1	MP41_c909R3	065c6d5b25ec8ab4cd2323a6d55cf55d	0	Genome-wide CRISPR-Cas9 screening of Human Organoid Lines	6644477	1	/lustre/scratch124/casm/team113/projects/5621_5821_sgrna_crisprko_uveal_melanoma/DATA/CRAM/study_sample/5621_5621STDY7919223.cram	/lustre/scratch124/casm/team113/projects/5621_5821_sgrna_crisprko_uveal_melanoma/DATA/CRAM/study_run_lane/29293_1#22.cram
5621STDY7919223	/seq/29293/29293_2#22.cram	5621	22	29293	2	MP41_c909R3	b8a513624e11b2bc8347ac97013201a9	0	Genome-wide CRISPR-Cas9 screening of Human Organoid Lines	6757480	1	/lustre/scratch124/casm/team113/projects/5621_5821_sgrna_crisprko_uveal_melanoma/DATA/CRAM/study_sample/5621_5621STDY7919223.cram	/lustre/scratch124/casm/team113/projects/5621_5821_sgrna_crisprko_uveal_melanoma/DATA/CRAM/study_run_lane/29293_2#22.cram
5621STDY7919224	/seq/29289/29289_1#23.cram	5621	23	29289	1	MP38_c909R1	a09b2e24ca28f6e387a5c0f9df0b825a	0	Genome-wide CRISPR-Cas9 screening of Human Organoid Lines	6188008	1	/lustre/scratch124/casm/team113/projects/5621_5821_sgrna_crisprko_uveal_melanoma/DATA/CRAM/study_sample/5621_5621STDY7919224.cram	/lustre/scratch124/casm/team113/projects/5621_5821_sgrna_crisprko_uveal_melanoma/DATA/CRAM/study_run_lane/29289_1#23.cram
5621STDY7919224	/seq/29289/29289_2#23.cram	5621	23	29289	2	MP38_c909R1	75312f34500e741813a128b1e1b9bc07	0	Genome-wide CRISPR-Cas9 screening of Human Organoid Lines	6272368	1	/lustre/scratch124/casm/team113/projects/5621_5821_sgrna_crisprko_uveal_melanoma/DATA/CRAM/study_sample/5621_5621STDY7919224.cram	/lustre/scratch124/casm/team113/projects/5621_5821_sgrna_crisprko_uveal_melanoma/DATA/CRAM/study_run_lane/29289_2#23.cram
5621STDY7919224	/seq/29290/29290_1#23.cram	5621	23	29290	1	MP38_c909R1	a1b6d32e18924add9ecafa890d354953	0	Genome-wide CRISPR-Cas9 screening of Human Organoid Lines	6390303	1	/lustre/scratch124/casm/team113/projects/5621_5821_sgrna_crisprko_uveal_melanoma/DATA/CRAM/study_sample/5621_5621STDY7919224.cram	/lustre/scratch124/casm/team113/projects/5621_5821_sgrna_crisprko_uveal_melanoma/DATA/CRAM/study_run_lane/29290_1#23.cram
5621STDY7919224	/seq/29290/29290_2#23.cram	5621	23	29290	2	MP38_c909R1	3316b4e170b2b273dbb9cecf766110ab	0	Genome-wide CRISPR-Cas9 screening of Human Organoid Lines	6352075	1	/lustre/scratch124/casm/team113/projects/5621_5821_sgrna_crisprko_uveal_melanoma/DATA/CRAM/study_sample/5621_5621STDY7919224.cram	/lustre/scratch124/casm/team113/projects/5621_5821_sgrna_crisprko_uveal_melanoma/DATA/CRAM/study_run_lane/29290_2#23.cram
5621STDY7919224	/seq/29293/29293_1#23.cram	5621	23	29293	1	MP38_c909R1	6be290af7778713f9d86d5a46c4f46f5	0	Genome-wide CRISPR-Cas9 screening of Human Organoid Lines	6706790	1	/lustre/scratch124/casm/team113/projects/5621_5821_sgrna_crisprko_uveal_melanoma/DATA/CRAM/study_sample/5621_5621STDY7919224.cram	/lustre/scratch124/casm/team113/projects/5621_5821_sgrna_crisprko_uveal_melanoma/DATA/CRAM/study_run_lane/29293_1#23.cram
5621STDY7919224	/seq/29293/29293_2#23.cram	5621	23	29293	2	MP38_c909R1	48ccbd3668134a308d810421abe23440	0	Genome-wide CRISPR-Cas9 screening of Human Organoid Lines	6816511	1	/lustre/scratch124/casm/team113/projects/5621_5821_sgrna_crisprko_uveal_melanoma/DATA/CRAM/study_sample/5621_5621STDY7919224.cram	/lustre/scratch124/casm/team113/projects/5621_5821_sgrna_crisprko_uveal_melanoma/DATA/CRAM/study_run_lane/29293_2#23.cram
5621STDY7919225	/seq/29289/29289_1#17.cram	5621	17	29289	1	MP38_c909R2	9ca00eb164cfa08ca99d5d01491d7f73	0	Genome-wide CRISPR-Cas9 screening of Human Organoid Lines	6701842	1	/lustre/scratch124/casm/team113/projects/5621_5821_sgrna_crisprko_uveal_melanoma/DATA/CRAM/study_sample/5621_5621STDY7919225.cram	/lustre/scratch124/casm/team113/projects/5621_5821_sgrna_crisprko_uveal_melanoma/DATA/CRAM/study_run_lane/29289_1#17.cram
5621STDY7919225	/seq/29289/29289_2#17.cram	5621	17	29289	2	MP38_c909R2	28d4f6aee356e6473f462887e94492f1	0	Genome-wide CRISPR-Cas9 screening of Human Organoid Lines	6798756	1	/lustre/scratch124/casm/team113/projects/5621_5821_sgrna_crisprko_uveal_melanoma/DATA/CRAM/study_sample/5621_5621STDY7919225.cram	/lustre/scratch124/casm/team113/projects/5621_5821_sgrna_crisprko_uveal_melanoma/DATA/CRAM/study_run_lane/29289_2#17.cram
5621STDY7919225	/seq/29290/29290_1#17.cram	5621	17	29290	1	MP38_c909R2	7d2550b5763a7fd1e989088f7b2417ed	0	Genome-wide CRISPR-Cas9 screening of Human Organoid Lines	6916976	1	/lustre/scratch124/casm/team113/projects/5621_5821_sgrna_crisprko_uveal_melanoma/DATA/CRAM/study_sample/5621_5621STDY7919225.cram	/lustre/scratch124/casm/team113/projects/5621_5821_sgrna_crisprko_uveal_melanoma/DATA/CRAM/study_run_lane/29290_1#17.cram
5621STDY7919225	/seq/29290/29290_2#17.cram	5621	17	29290	2	MP38_c909R2	b580151f60d7e29563043a8d345ead45	0	Genome-wide CRISPR-Cas9 screening of Human Organoid Lines	6864988	1	/lustre/scratch124/casm/team113/projects/5621_5821_sgrna_crisprko_uveal_melanoma/DATA/CRAM/study_sample/5621_5621STDY7919225.cram	/lustre/scratch124/casm/team113/projects/5621_5821_sgrna_crisprko_uveal_melanoma/DATA/CRAM/study_run_lane/29290_2#17.cram
5621STDY7919225	/seq/29293/29293_1#17.cram	5621	17	29293	1	MP38_c909R2	9d88b49cdf6a10dbab7cd87f4383be2d	0	Genome-wide CRISPR-Cas9 screening of Human Organoid Lines	7417756	1	/lustre/scratch124/casm/team113/projects/5621_5821_sgrna_crisprko_uveal_melanoma/DATA/CRAM/study_sample/5621_5621STDY7919225.cram	/lustre/scratch124/casm/team113/projects/5621_5821_sgrna_crisprko_uveal_melanoma/DATA/CRAM/study_run_lane/29293_1#17.cram
5621STDY7919225	/seq/29293/29293_2#17.cram	5621	17	29293	2	MP38_c909R2	732616492cfc622b5e4cb62b72cd8474	0	Genome-wide CRISPR-Cas9 screening of Human Organoid Lines	7563206	1	/lustre/scratch124/casm/team113/projects/5621_5821_sgrna_crisprko_uveal_melanoma/DATA/CRAM/study_sample/5621_5621STDY7919225.cram	/lustre/scratch124/casm/team113/projects/5621_5821_sgrna_crisprko_uveal_melanoma/DATA/CRAM/study_run_lane/29293_2#17.cram
5621STDY7919226	/seq/29289/29289_1#18.cram	5621	18	29289	1	MP38_c909R3	4ce6f0412c33535bd8e8be96ec7df649	0	Genome-wide CRISPR-Cas9 screening of Human Organoid Lines	6135001	1	/lustre/scratch124/casm/team113/projects/5621_5821_sgrna_crisprko_uveal_melanoma/DATA/CRAM/study_sample/5621_5621STDY7919226.cram	/lustre/scratch124/casm/team113/projects/5621_5821_sgrna_crisprko_uveal_melanoma/DATA/CRAM/study_run_lane/29289_1#18.cram
5621STDY7919226	/seq/29289/29289_2#18.cram	5621	18	29289	2	MP38_c909R3	ae6f7f5d963a78aea01b96c91c7ec773	0	Genome-wide CRISPR-Cas9 screening of Human Organoid Lines	6227013	1	/lustre/scratch124/casm/team113/projects/5621_5821_sgrna_crisprko_uveal_melanoma/DATA/CRAM/study_sample/5621_5621STDY7919226.cram	/lustre/scratch124/casm/team113/projects/5621_5821_sgrna_crisprko_uveal_melanoma/DATA/CRAM/study_run_lane/29289_2#18.cram
5621STDY7919226	/seq/29290/29290_1#18.cram	5621	18	29290	1	MP38_c909R3	19c06440d763abe0201aa46530efe186	0	Genome-wide CRISPR-Cas9 screening of Human Organoid Lines	6334357	1	/lustre/scratch124/casm/team113/projects/5621_5821_sgrna_crisprko_uveal_melanoma/DATA/CRAM/study_sample/5621_5621STDY7919226.cram	/lustre/scratch124/casm/team113/projects/5621_5821_sgrna_crisprko_uveal_melanoma/DATA/CRAM/study_run_lane/29290_1#18.cram
5621STDY7919226	/seq/29290/29290_2#18.cram	5621	18	29290	2	MP38_c909R3	17cb4eeffb0e2b663bb59811437e614d	0	Genome-wide CRISPR-Cas9 screening of Human Organoid Lines	6288513	1	/lustre/scratch124/casm/team113/projects/5621_5821_sgrna_crisprko_uveal_melanoma/DATA/CRAM/study_sample/5621_5621STDY7919226.cram	/lustre/scratch124/casm/team113/projects/5621_5821_sgrna_crisprko_uveal_melanoma/DATA/CRAM/study_run_lane/29290_2#18.cram
5621STDY7919226	/seq/29293/29293_1#18.cram	5621	18	29293	1	MP38_c909R3	f0bcdbc207915af75e67e9db4431659d	0	Genome-wide CRISPR-Cas9 screening of Human Organoid Lines	6683391	1	/lustre/scratch124/casm/team113/projects/5621_5821_sgrna_crisprko_uveal_melanoma/DATA/CRAM/study_sample/5621_5621STDY7919226.cram	/lustre/scratch124/casm/team113/projects/5621_5821_sgrna_crisprko_uveal_melanoma/DATA/CRAM/study_run_lane/29293_1#18.cram
5621STDY7919226	/seq/29293/29293_2#18.cram	5621	18	29293	2	MP38_c909R3	34b20a4a21914dc6e92c6984be875fb1	0	Genome-wide CRISPR-Cas9 screening of Human Organoid Lines	6811537	1	/lustre/scratch124/casm/team113/projects/5621_5821_sgrna_crisprko_uveal_melanoma/DATA/CRAM/study_sample/5621_5621STDY7919226.cram	/lustre/scratch124/casm/team113/projects/5621_5821_sgrna_crisprko_uveal_melanoma/DATA/CRAM/study_run_lane/29293_2#18.cram
5821STDY10407975	/seq/39346/39346_1#4.cram	5821	4	39346	1	Mel202_c909R1	64ce7ef60513dd73049dbe4f77b20dc1	0	sgRNA CRISPRko uveal melanoma	29952251	1	/lustre/scratch124/casm/team113/projects/5621_5821_sgrna_crisprko_uveal_melanoma/DATA/CRAM/study_sample/5821_5821STDY10407975.cram	/lustre/scratch124/casm/team113/projects/5621_5821_sgrna_crisprko_uveal_melanoma/DATA/CRAM/study_run_lane/39346_1#4.cram
5821STDY10407975	/seq/39346/39346_2#4.cram	5821	4	39346	2	Mel202_c909R1	08584b0079451cd262d1bde063ed9d99	0	sgRNA CRISPRko uveal melanoma	30245257	1	/lustre/scratch124/casm/team113/projects/5621_5821_sgrna_crisprko_uveal_melanoma/DATA/CRAM/study_sample/5821_5821STDY10407975.cram	/lustre/scratch124/casm/team113/projects/5621_5821_sgrna_crisprko_uveal_melanoma/DATA/CRAM/study_run_lane/39346_2#4.cram
5821STDY10407976	/seq/39346/39346_1#5.cram	5821	5	39346	1	Mel202_c909R2	b8b59566c973034e8e47deb023e4bb11	0	sgRNA CRISPRko uveal melanoma	28842033	1	/lustre/scratch124/casm/team113/projects/5621_5821_sgrna_crisprko_uveal_melanoma/DATA/CRAM/study_sample/5821_5821STDY10407976.cram	/lustre/scratch124/casm/team113/projects/5621_5821_sgrna_crisprko_uveal_melanoma/DATA/CRAM/study_run_lane/39346_1#5.cram
5821STDY10407976	/seq/39346/39346_2#5.cram	5821	5	39346	2	Mel202_c909R2	21da093df283e06f2fa97995d0041f41	0	sgRNA CRISPRko uveal melanoma	29201356	1	/lustre/scratch124/casm/team113/projects/5621_5821_sgrna_crisprko_uveal_melanoma/DATA/CRAM/study_sample/5821_5821STDY10407976.cram	/lustre/scratch124/casm/team113/projects/5621_5821_sgrna_crisprko_uveal_melanoma/DATA/CRAM/study_run_lane/39346_2#5.cram
5821STDY10407977	/seq/39346/39346_1#6.cram	5821	6	39346	1	Mel202_c909R3	d0548b1650bc9cf1e7d06bb38f31b25d	0	sgRNA CRISPRko uveal melanoma	29969514	1	/lustre/scratch124/casm/team113/projects/5621_5821_sgrna_crisprko_uveal_melanoma/DATA/CRAM/study_sample/5821_5821STDY10407977.cram	/lustre/scratch124/casm/team113/projects/5621_5821_sgrna_crisprko_uveal_melanoma/DATA/CRAM/study_run_lane/39346_1#6.cram
5821STDY10407977	/seq/39346/39346_2#6.cram	5821	6	39346	2	Mel202_c909R3	05bc479933462ed2509fe68d58495162	0	sgRNA CRISPRko uveal melanoma	30293812	1	/lustre/scratch124/casm/team113/projects/5621_5821_sgrna_crisprko_uveal_melanoma/DATA/CRAM/study_sample/5821_5821STDY10407977.cram	/lustre/scratch124/casm/team113/projects/5621_5821_sgrna_crisprko_uveal_melanoma/DATA/CRAM/study_run_lane/39346_2#6.cram
5821STDY10407978	/seq/39346/39346_1#1.cram	5821	1	39346	1	921_c909R1	57efd8c4bd1722cea69b1450791174a8	0	sgRNA CRISPRko uveal melanoma	30533398	1	/lustre/scratch124/casm/team113/projects/5621_5821_sgrna_crisprko_uveal_melanoma/DATA/CRAM/study_sample/5821_5821STDY10407978.cram	/lustre/scratch124/casm/team113/projects/5621_5821_sgrna_crisprko_uveal_melanoma/DATA/CRAM/study_run_lane/39346_1#1.cram
5821STDY10407978	/seq/39346/39346_2#1.cram	5821	1	39346	2	921_c909R1	9c679789bac2475ab9a6a9d20f40667b	0	sgRNA CRISPRko uveal melanoma	30942731	1	/lustre/scratch124/casm/team113/projects/5621_5821_sgrna_crisprko_uveal_melanoma/DATA/CRAM/study_sample/5821_5821STDY10407978.cram	/lustre/scratch124/casm/team113/projects/5621_5821_sgrna_crisprko_uveal_melanoma/DATA/CRAM/study_run_lane/39346_2#1.cram
5821STDY10407979	/seq/39346/39346_1#3.cram	5821	3	39346	1	921_c909R2	34a15f16c1d53d18f0cb0fb339dcfec9	0	sgRNA CRISPRko uveal melanoma	27773292	1	/lustre/scratch124/casm/team113/projects/5621_5821_sgrna_crisprko_uveal_melanoma/DATA/CRAM/study_sample/5821_5821STDY10407979.cram	/lustre/scratch124/casm/team113/projects/5621_5821_sgrna_crisprko_uveal_melanoma/DATA/CRAM/study_run_lane/39346_1#3.cram
5821STDY10407979	/seq/39346/39346_2#3.cram	5821	3	39346	2	921_c909R2	1ded72f797a912b0e5fb6d1e83175fa7	0	sgRNA CRISPRko uveal melanoma	28121990	1	/lustre/scratch124/casm/team113/projects/5621_5821_sgrna_crisprko_uveal_melanoma/DATA/CRAM/study_sample/5821_5821STDY10407979.cram	/lustre/scratch124/casm/team113/projects/5621_5821_sgrna_crisprko_uveal_melanoma/DATA/CRAM/study_run_lane/39346_2#3.cram
5821STDY10407980	/seq/39346/39346_1#2.cram	5821	2	39346	1	921_c909R3	38513b392985dd907f19d21e965519f0	0	sgRNA CRISPRko uveal melanoma	24496595	1	/lustre/scratch124/casm/team113/projects/5621_5821_sgrna_crisprko_uveal_melanoma/DATA/CRAM/study_sample/5821_5821STDY10407980.cram	/lustre/scratch124/casm/team113/projects/5621_5821_sgrna_crisprko_uveal_melanoma/DATA/CRAM/study_run_lane/39346_1#2.cram
5821STDY10407980	/seq/39346/39346_2#2.cram	5821	2	39346	2	921_c909R3	b41223b19ce5a4a1a9a42ad644be47ac	0	sgRNA CRISPRko uveal melanoma	24755946	1	/lustre/scratch124/casm/team113/projects/5621_5821_sgrna_crisprko_uveal_melanoma/DATA/CRAM/study_sample/5821_5821STDY10407980.cram	/lustre/scratch124/casm/team113/projects/5621_5821_sgrna_crisprko_uveal_melanoma/DATA/CRAM/study_run_lane/39346_2#2.cram
5821STDY7977735	/seq/29667/29667_1#4.cram	5821	4	29667	1	Mel285_R5	0d7b49ab4d661215eec6d5696d0f0d74	0	sgRNA CRISPRko uveal melanoma	25433132	1	/lustre/scratch124/casm/team113/projects/5621_5821_sgrna_crisprko_uveal_melanoma/DATA/CRAM/study_sample/5821_5821STDY7977735.cram	/lustre/scratch124/casm/team113/projects/5621_5821_sgrna_crisprko_uveal_melanoma/DATA/CRAM/study_run_lane/29667_1#4.cram
5821STDY7977735	/seq/29667/29667_2#4.cram	5821	4	29667	2	Mel285_R5	faa4e2dd4acd2d4cca000b2b5c5dafee	0	sgRNA CRISPRko uveal melanoma	26192342	1	/lustre/scratch124/casm/team113/projects/5621_5821_sgrna_crisprko_uveal_melanoma/DATA/CRAM/study_sample/5821_5821STDY7977735.cram	/lustre/scratch124/casm/team113/projects/5621_5821_sgrna_crisprko_uveal_melanoma/DATA/CRAM/study_run_lane/29667_2#4.cram
5821STDY7977736	/seq/29667/29667_1#5.cram	5821	5	29667	1	Mel285_R6	be9e6397293861447e4c5b8967bf954c	0	sgRNA CRISPRko uveal melanoma	23865147	1	/lustre/scratch124/casm/team113/projects/5621_5821_sgrna_crisprko_uveal_melanoma/DATA/CRAM/study_sample/5821_5821STDY7977736.cram	/lustre/scratch124/casm/team113/projects/5621_5821_sgrna_crisprko_uveal_melanoma/DATA/CRAM/study_run_lane/29667_1#5.cram
5821STDY7977736	/seq/29667/29667_2#5.cram	5821	5	29667	2	Mel285_R6	8a04227c510c5eb6ce936d312011c834	0	sgRNA CRISPRko uveal melanoma	24599547	1	/lustre/scratch124/casm/team113/projects/5621_5821_sgrna_crisprko_uveal_melanoma/DATA/CRAM/study_sample/5821_5821STDY7977736.cram	/lustre/scratch124/casm/team113/projects/5621_5821_sgrna_crisprko_uveal_melanoma/DATA/CRAM/study_run_lane/29667_2#5.cram
5821STDY7977737	/seq/29667/29667_1#6.cram	5821	6	29667	1	Mel285_R7	842c3d33661fd3b4c9b1c48aef8741d4	0	sgRNA CRISPRko uveal melanoma	23570924	1	/lustre/scratch124/casm/team113/projects/5621_5821_sgrna_crisprko_uveal_melanoma/DATA/CRAM/study_sample/5821_5821STDY7977737.cram	/lustre/scratch124/casm/team113/projects/5621_5821_sgrna_crisprko_uveal_melanoma/DATA/CRAM/study_run_lane/29667_1#6.cram
5821STDY7977737	/seq/29667/29667_2#6.cram	5821	6	29667	2	Mel285_R7	48cb0fe87be11c05b03c8d5727ee8e45	0	sgRNA CRISPRko uveal melanoma	24176035	1	/lustre/scratch124/casm/team113/projects/5621_5821_sgrna_crisprko_uveal_melanoma/DATA/CRAM/study_sample/5821_5821STDY7977737.cram	/lustre/scratch124/casm/team113/projects/5621_5821_sgrna_crisprko_uveal_melanoma/DATA/CRAM/study_run_lane/29667_2#6.cram
3081STDY6354070	/seq/19147/19147_1#1.cram	3081	1	19147	1	HumanV1_1_rep1	1296f2ef2735b501f237bb435afd4ada	0	ILC CRISPR gRNA library validation	62672482	1	/lustre/scratch124/casm/team113/projects/5621_5821_sgrna_crisprko_uveal_melanoma/DATA/CRAM/study_sample/3081_3081STDY6354070.cram	/lustre/scratch124/casm/team113/projects/5621_5821_sgrna_crisprko_uveal_melanoma/DATA/CRAM/study_run_lane/19147_1#1.cram
